gRNA,loss
CROPseq_dCas9_DS_CCNE2_+_95907328.23-P1P2,2362.06005859375
CROPseq_dCas9_DS_CCNE2_+_95907382.23-P1P2,4641.8740234375
CROPseq_dCas9_DS_CCNE2_+_95907406.23-P1P2,3602.21875
CROPseq_dCas9_DS_CCNE2_-_95907017.23-P1P2,4084.57177734375
CROPseq_dCas9_DS_CPQ_+_97657557.23-P1P2,3058.85693359375
