gRNA,loss
CROPseq_dCas9_DS_CCNE2_+_95907328.23-P1P2,2362.062744140625
CROPseq_dCas9_DS_CCNE2_+_95907382.23-P1P2,4641.87353515625
