gRNA,loss
CROPseq_dCas9_DS_CCNE2_+_95907328.23-P1P2,2362.062744140625
CROPseq_dCas9_DS_CCNE2_+_95907382.23-P1P2,4641.87353515625
CROPseq_dCas9_DS_CCNE2_+_95907406.23-P1P2,3602.223876953125
CROPseq_dCas9_DS_CCNE2_-_95907017.23-P1P2,4084.5712890625
CROPseq_dCas9_DS_CPQ_+_97657557.23-P1P2,3058.85205078125
