gRNA,loss
CROPseq_dCas9_DS_CCNE2_+_95907328.23-P1P2,2362.062744140625
CROPseq_dCas9_DS_CCNE2_+_95907382.23-P1P2,4641.87353515625
CROPseq_dCas9_DS_CCNE2_+_95907406.23-P1P2,3602.219970703125
CROPseq_dCas9_DS_CCNE2_-_95907017.23-P1P2,4084.5693359375
CROPseq_dCas9_DS_CPQ_+_97657557.23-P1P2,3058.8515625
