gRNA,loss
gRNA,2362.062744140625
gRNA,4641.87353515625
gRNA,3602.223876953125
gRNA,4084.5712890625
gRNA,3058.85205078125
