gRNA,loss
CROPseq_dCas9_DS_CCNE2_+_95907328.23-P1P2,2766.87353515625
CROPseq_dCas9_DS_CCNE2_+_95907382.23-P1P2,5689.77783203125
CROPseq_dCas9_DS_CCNE2_+_95907406.23-P1P2,3951.834228515625
CROPseq_dCas9_DS_CCNE2_-_95907017.23-P1P2,4422.52978515625
CROPseq_dCas9_DS_CPQ_+_97657557.23-P1P2,3655.352783203125
