gRNA,loss
CROPseq_dCas9_DS_CCNE2_+_95907328.23-P1P2,2766.87353515625
CROPseq_dCas9_DS_CCNE2_+_95907382.23-P1P2,5689.77734375
CROPseq_dCas9_DS_CCNE2_+_95907406.23-P1P2,3951.8310546875
CROPseq_dCas9_DS_CCNE2_-_95907017.23-P1P2,4422.53076171875
CROPseq_dCas9_DS_CPQ_+_97657557.23-P1P2,3655.352783203125
