gRNA,loss
CROPseq_dCas9_DS_CCNE2_+_95907328.23-P1P2,2766.8759765625
CROPseq_dCas9_DS_CCNE2_+_95907382.23-P1P2,5689.77685546875
CROPseq_dCas9_DS_CCNE2_+_95907406.23-P1P2,3951.831298828125
CROPseq_dCas9_DS_CCNE2_-_95907017.23-P1P2,4422.53076171875
CROPseq_dCas9_DS_CPQ_+_97657557.23-P1P2,3655.3525390625
