gRNA,loss
gRNA,2766.87353515625
gRNA,5689.77783203125
gRNA,3951.834228515625
gRNA,4422.52978515625
gRNA,3655.352783203125
