gRNA,loss
CROPseq_dCas9_DS_CCNE2_+_95907328.23-P1P2,2766.87353515625
CROPseq_dCas9_DS_CCNE2_+_95907382.23-P1P2,5689.77783203125
