batch,weight_Beta1,weight_Beta2,weight_Beta3,alpha_Beta1,alpha_Beta2,alpha_Beta3,beta_Beta1,beta_Beta2,beta_Beta3
1,0.057056688,0.06961816,0.87332517,2.4136682,20.328585,13.980432,1.1532952,14.7571945,0.39826727
