batch,weight_Beta1,weight_Beta2,weight_Beta3,alpha_Beta1,alpha_Beta2,alpha_Beta3,beta_Beta1,beta_Beta2,beta_Beta3
1,0.057056766,0.06961813,0.8733251,2.4136672,20.328613,13.980401,1.153293,14.7572155,0.3982669
