batch,weight_Beta1,weight_Beta2,weight_Beta3,alpha_Beta1,alpha_Beta2,alpha_Beta3,beta_Beta1,beta_Beta2,beta_Beta3
1,0.05705666,0.06961819,0.87332517,2.4136686,20.328629,13.980412,1.1532947,14.757234,0.398267
